User,FriendCount
acnwala,93
3r1nG,5061
vphill,639
amazingmap,19638
JanaeJackson__,15
TerribleMaps,947
ujwlkarn,745
fromADMwithlove,479
OpenMaze,80
fanchyna,135
storygraphbot,1
ODU,325
Discovery,453
SyrupType,331
vinaygo,272
NatGeoPhotos,131
NatGeo,55
BelaGipp,238
anne_lauscher,54
justin_littman,115
BreitingerC,241
TVNewsArchive,905
PlinioHVargas,70
grantcatkins,261
maturban1,136
mir_smi,274
clancynewyork,1327
ZachTanZM,165
MachinePix,48
femalegazebot,1069
DamolaMore,630
EbenezarWikina,3333
Radiolab,1090
effodu,1516
katestarbird,2854
ystvns,1021
scientiffic,296
meangrape,4551
johnaberlin,539
whatbrett,748
3blue1brown,258
oducs,88
b0rk,551
stanfordnlp,98
webrecorder_io,139
ThingsWork,3
tweetsauce,961
internetarchive,593
jessogden,1886
localmem,1
helgeho,163
ssfrug,445
mzagaja,585
walkeroh,989
AcademiaObscura,150
BergisJules,1160
documentnow,377
docmattweber,2419
Moha_Magdy,1908
edsu,3586
e_mccain,1130
ncasemajor,461
BKCHarvard,3402
MIT_CSAIL,13712
muira_mccammon,3006
HistoryInPics,266
HarvardLIL,564
zittrain,6672
abziegler,1449
shawnmjones,616
this_phillips,813
moffattchristie,313
machawk1,408
ibnesayeed,354
ruebot,970
f_nanni,330
srocheleau,401
anjacks0n,1048
pj_webster,3587
nullhandle,436
KatherineRCook,2058
jeremyw,900
lintool,738
ianmilligan1,1869
hvdsomp,426
icanhazmemento,1
_wdill,0
yasmina_anwar,414
mart1nkle1n,881
justinfbrunelle,208
weiglemc,209
ScottGAinsworth,200
WebSciDL,56
phonedude_mln,450
